locality,area_sqft,bedrooms,bathrooms,parking,distance_school_km,distance_metro_km,age_house_years,price_inr
LB Nagar,1460,3,2,0,1.42,2.13,10,14812939
Madhapur,4044,4,5,1,0.64,8.75,29,26352295
Gachibowli,1784,4,4,1,0.26,0.57,26,21111253
Secunderabad,2647,4,5,1,0.91,7.54,11,14834288
Banjara Hills,2128,3,2,2,5.51,5.57,17,37505907
Miyapur,2661,2,2,0,0.32,3.0,27,24915089
Miyapur,2078,4,3,3,0.47,10.94,3,12671169
Kukatpally,3673,2,2,0,7.76,9.37,1,29914146
Secunderabad,1595,4,3,1,2.74,4.85,17,8207466
Madhapur,4593,1,1,0,2.51,2.23,24,28945375
LB Nagar,2627,3,4,0,5.75,9.55,26,24974917
Secunderabad,2878,2,1,3,6.93,7.59,1,20328791
Nallagandla,3054,5,6,3,5.17,10.68,0,30362612
Manikonda,4440,5,5,2,6.21,6.08,8,19536666
Madhapur,2084,3,4,3,5.16,3.98,3,13226704
Uppal,2278,3,2,3,7.55,7.31,18,15959961
Kondapur,3225,2,1,1,5.14,10.5,27,29786510
Gachibowli,1963,3,3,2,7.19,4.02,0,20944367
Gachibowli,3275,5,4,2,0.25,6.28,8,45495655
Madhapur,1263,3,3,3,4.25,8.53,16,7382531
Miyapur,1891,2,3,0,1.36,11.97,26,10377941
Miyapur,1454,5,4,0,2.07,2.0,11,10755425
Manikonda,2333,4,5,2,3.08,3.13,5,16006243
Uppal,3531,2,2,1,4.38,1.36,0,26722843
Gachibowli,4882,5,6,3,2.74,2.88,25,54996154
Manikonda,746,4,5,3,7.54,4.95,6,5622965
Miyapur,2402,4,3,0,1.83,6.63,9,23553578
Secunderabad,1223,1,1,1,7.97,11.6,4,7614583
LB Nagar,4690,1,1,2,5.66,10.21,19,32389274
Secunderabad,4591,4,5,0,1.46,10.81,19,19889537
Manikonda,3783,1,2,0,0.24,2.18,17,28628660
Kondapur,3834,5,4,3,5.75,3.08,20,35171021
Miyapur,2127,3,2,3,4.63,1.4,18,18300229
Hitech City,1645,5,6,1,7.27,5.38,20,23423917
Uppal,1559,1,1,3,5.84,3.59,2,14988597
Banjara Hills,616,4,4,0,2.38,10.64,27,5765087
Begumpet,4020,1,1,0,4.66,11.77,19,15068464
Ameerpet,1580,1,2,3,3.11,4.92,21,6595010
Gachibowli,2495,2,3,1,3.0,3.27,9,25957644
Begumpet,1384,1,1,2,5.73,6.77,9,8842009
Begumpet,2441,1,1,3,4.19,6.17,12,19151827
Kukatpally,4447,4,5,2,0.42,7.07,22,26886283
Secunderabad,4746,1,1,2,7.86,10.12,25,25192303
Kondapur,4454,3,2,0,6.66,3.48,11,17978739
Jubilee Hills,1476,4,4,2,5.66,1.92,15,20960391
Banjara Hills,2293,3,2,3,2.31,5.44,22,40623993
Kukatpally,716,1,1,0,1.55,2.13,1,6894505
Miyapur,1159,1,1,0,5.18,6.35,4,6798128
Begumpet,3747,2,3,0,1.14,4.3,27,34138874
Jubilee Hills,2741,4,3,3,0.33,9.23,20,44856462
Madhapur,2670,2,2,1,5.15,0.83,9,21250725
Madhapur,2231,1,1,0,1.47,1.13,22,18085267
Kondapur,1495,3,3,2,5.22,5.66,18,10983802
Madhapur,4513,3,2,0,1.87,4.71,28,28934675
Jubilee Hills,2682,1,1,3,3.21,8.27,29,24400884
Ameerpet,1216,4,4,0,2.92,11.26,23,5055740
Jubilee Hills,3408,4,4,0,6.05,9.74,16,34057475
Uppal,2171,2,1,2,4.73,10.45,4,16433801
Banjara Hills,4366,5,6,0,2.06,4.72,16,78412673
Begumpet,1328,5,6,2,3.24,0.43,8,12914244
Gachibowli,3102,4,4,2,7.61,7.01,14,54515302
Secunderabad,3740,3,2,3,5.45,9.1,22,18674416
Hitech City,1662,5,4,1,7.8,11.95,25,26402062
Manikonda,1332,3,4,1,7.76,8.35,25,8415400
Madhapur,3924,5,5,0,6.61,8.56,4,29121201
Nallagandla,2986,5,4,1,6.54,11.38,24,16141563
Kondapur,2427,4,5,2,6.26,6.83,26,11505696
Madhapur,4202,3,2,0,3.36,6.99,19,18258942
Manikonda,1494,1,2,0,5.51,3.08,24,7143811
Banjara Hills,4040,1,1,1,3.6,9.68,12,61360092
Ameerpet,4775,5,6,3,0.78,6.78,19,37184553
LB Nagar,1856,1,1,2,3.75,7.64,21,12292339
Uppal,1070,1,2,3,7.68,0.98,5,7493833
Nallagandla,1267,5,5,3,5.25,4.84,27,6290184
Ameerpet,4736,4,5,1,0.45,3.57,20,31790395
Jubilee Hills,1524,5,5,2,6.62,11.41,4,17920588
Uppal,609,2,3,0,1.49,5.11,21,4148409
Miyapur,823,1,2,0,6.05,4.9,26,6426704
Secunderabad,4600,2,1,2,1.24,0.46,22,39270507
Madhapur,2600,5,6,0,7.97,6.8,4,21266448
Gachibowli,4778,1,1,1,1.8,3.24,12,46469771
LB Nagar,2423,2,3,3,0.37,6.13,21,14712261
Miyapur,4562,2,1,1,7.75,1.33,26,25889656
Begumpet,3414,5,4,1,5.69,2.79,5,31021775
Banjara Hills,1929,2,2,1,4.53,1.36,1,20323399
Madhapur,4861,1,2,3,2.52,6.43,16,29540220
Ameerpet,737,1,1,0,2.21,5.67,1,6999077
Miyapur,4418,3,4,2,4.39,5.68,15,33402685
Ameerpet,1499,4,3,2,7.02,6.33,17,12547497
Madhapur,3722,3,2,0,2.89,4.37,21,35271965
Kondapur,1123,2,2,1,1.2,4.16,26,6888214
Banjara Hills,2861,3,4,3,0.68,3.54,0,31010927
Hitech City,3366,2,3,1,3.81,9.05,13,47414598
LB Nagar,2246,3,4,3,1.04,5.53,2,14062702
Ameerpet,2675,2,3,0,6.76,1.34,29,22577680
Jubilee Hills,4196,4,3,3,2.97,7.89,17,64391985
Kukatpally,4607,1,2,1,2.41,4.55,25,26164753
Jubilee Hills,2575,3,2,1,4.93,3.08,21,27511268
Jubilee Hills,3163,3,3,1,6.49,0.95,8,55988996
Miyapur,1663,5,6,1,3.3,11.64,3,17986159
LB Nagar,717,1,1,3,5.84,9.9,1,3184824
Banjara Hills,1741,4,5,3,4.16,3.14,14,19901305
Secunderabad,2173,5,5,2,7.47,4.05,2,18176637
Nallagandla,2639,2,1,2,4.48,2.66,7,20966298
LB Nagar,920,5,4,0,1.11,5.84,5,6670134
LB Nagar,4277,1,1,1,6.02,5.08,20,18143541
Madhapur,3235,3,4,0,5.98,7.02,28,24769398
Uppal,1852,4,4,2,1.48,9.83,26,7547601
LB Nagar,3221,4,3,0,4.79,8.29,7,17664125
Kukatpally,4197,3,2,1,4.41,5.43,0,28811680
Manikonda,1848,2,2,0,7.27,7.6,18,7019761
Secunderabad,3226,3,3,3,1.5,10.58,0,19678363
Miyapur,1854,3,2,1,6.07,8.57,26,8148380
Kukatpally,2843,2,2,0,7.04,4.3,5,24850037
Hitech City,3828,5,4,2,3.39,9.33,26,34731282
Kondapur,2555,4,4,2,4.87,9.97,29,25249568
Banjara Hills,3805,2,2,2,1.4,7.16,29,37428608
Nallagandla,2239,4,5,3,1.0,11.05,4,16409137
LB Nagar,726,2,1,3,3.12,1.11,18,5140657
Secunderabad,3968,3,4,0,1.08,11.82,13,20481902
Manikonda,3472,1,2,1,4.25,7.22,20,24997452
Miyapur,1932,1,1,3,6.34,7.36,2,8974931
LB Nagar,1136,2,3,1,2.9,4.36,1,9355543
Jubilee Hills,1554,4,5,2,2.14,7.06,19,19844655
Ameerpet,4980,3,3,1,0.3,8.06,6,45092371
Begumpet,4032,1,1,1,0.87,11.96,16,33167684
Begumpet,2359,5,5,2,3.53,9.66,29,14947882
Gachibowli,2932,1,1,0,3.88,6.91,17,27770441
Miyapur,3657,2,2,3,3.95,6.12,18,32748069
Ameerpet,3935,5,6,2,6.08,3.49,18,24709560
Gachibowli,4051,1,2,2,1.42,8.68,28,39178168
Begumpet,3406,3,4,2,4.14,7.26,24,24734712
Jubilee Hills,4275,2,3,3,7.91,7.36,13,48656425
Kondapur,764,5,5,2,2.73,1.32,9,5036612
Banjara Hills,2798,5,6,3,1.62,7.12,27,37561767
Madhapur,2520,5,6,1,6.64,4.55,22,21995207
Miyapur,1404,1,1,0,2.5,11.4,21,6647827
Nallagandla,3361,3,3,2,6.44,5.27,18,24484041
Uppal,3199,2,1,0,2.21,1.93,10,20545798
Nallagandla,1041,5,4,1,2.32,0.52,17,7369187
Secunderabad,2689,4,3,1,0.72,5.04,5,26994548
Jubilee Hills,2222,5,5,1,1.27,10.83,5,30800669
Miyapur,1054,2,1,0,3.47,4.78,25,7073585
LB Nagar,4825,4,4,2,1.64,1.36,18,43869789
Hitech City,748,3,4,3,7.34,8.74,7,8566557
Kondapur,4750,5,4,1,0.44,3.37,2,38853889
Nallagandla,1081,1,1,1,1.03,1.18,16,10334756
Nallagandla,660,3,3,0,2.12,9.88,4,5656263
LB Nagar,2058,2,3,0,0.91,11.03,28,17494841
Hitech City,4240,1,2,3,4.43,10.51,7,48766064
Kukatpally,2350,5,5,3,6.82,3.22,24,22410504
Banjara Hills,4242,2,1,0,5.43,0.82,15,58155192
Kukatpally,4590,2,1,1,7.34,0.7,20,37747506
Miyapur,2121,3,4,0,3.9,10.39,6,14661047
Secunderabad,2066,2,3,0,5.27,4.57,11,19468476
Manikonda,3583,2,3,2,0.71,3.99,16,27720473
Manikonda,1520,5,5,0,7.11,7.51,29,11882262
Banjara Hills,1338,2,2,1,0.2,2.47,17,17559434
Secunderabad,1413,4,3,1,0.89,0.74,11,13756267
Uppal,4111,4,5,0,6.19,5.19,6,35157233
Kondapur,3224,1,2,0,2.97,3.66,3,13787785
Nallagandla,4988,1,1,0,7.9,5.3,16,23751390
Uppal,2641,5,4,0,0.9,5.19,23,25815288
Kondapur,610,5,5,0,6.0,1.06,7,6901478
Jubilee Hills,4164,2,3,1,3.2,0.73,25,63618099
Miyapur,4445,5,4,1,7.76,10.64,2,41009424
Kukatpally,2196,3,3,2,6.11,8.44,23,8556283
Manikonda,4669,5,4,2,0.47,10.77,4,37148223
Hitech City,2240,3,4,3,3.92,0.82,1,23758969
Madhapur,1583,4,5,1,2.23,8.76,25,8295543
Begumpet,3987,5,4,0,6.84,6.09,29,25006634
Gachibowli,3345,3,3,3,4.61,3.42,5,45124853
Ameerpet,2983,4,3,2,6.96,8.59,10,20384488
Madhapur,2316,2,3,2,6.07,2.16,10,10421549
Kukatpally,3408,3,4,2,0.24,9.89,20,25969562
LB Nagar,4598,2,2,1,6.1,3.33,1,43269986
Kukatpally,3717,3,2,0,5.13,3.34,27,31552038
Begumpet,1607,3,3,2,4.42,11.57,27,6366455
LB Nagar,1845,5,4,1,7.51,8.35,17,16600017
Kondapur,1640,4,4,0,4.74,4.35,25,11728566
Uppal,2953,5,6,2,4.84,4.79,28,15601686
Madhapur,4599,3,4,1,0.21,2.16,1,35488371
Kondapur,638,5,4,2,1.92,1.26,13,6331287
Kondapur,4130,3,4,0,7.71,0.67,28,33249110
Uppal,4626,4,4,2,2.34,11.81,0,40682121
Hitech City,1533,2,1,2,0.44,7.92,11,21809705
Manikonda,2855,3,3,0,6.98,9.39,14,13794823
Banjara Hills,4233,4,5,2,6.42,3.74,23,57816939
Manikonda,1126,1,1,1,4.87,7.41,19,5237794
Ameerpet,1616,4,5,1,4.74,3.45,23,7611974
Gachibowli,4388,1,1,1,5.51,4.93,14,75663419
LB Nagar,1328,1,1,0,0.51,5.92,23,6381652
Secunderabad,3536,4,3,1,6.25,11.31,0,14361848
Madhapur,3448,1,1,1,0.46,1.22,21,24420577
LB Nagar,689,2,2,2,1.76,2.26,16,4533513
Nallagandla,916,3,4,1,4.84,7.51,8,4694527
Manikonda,4511,2,2,3,2.85,9.83,6,19816673
Begumpet,807,4,4,1,6.31,5.93,8,7948548
Banjara Hills,2734,4,3,0,7.0,2.86,22,49540577
Begumpet,2527,5,6,0,5.34,6.13,17,16299896
LB Nagar,1261,5,4,2,5.27,2.63,2,12551240
Jubilee Hills,952,4,3,1,7.69,5.17,23,16575164
Madhapur,3379,4,4,3,4.14,6.66,18,30134725
Banjara Hills,1873,5,5,3,4.93,7.29,3,21091763
Kondapur,1869,5,6,0,3.83,10.08,0,14196151
Kukatpally,4191,4,4,2,5.13,4.66,1,19822082
Hitech City,4605,5,4,1,0.96,5.04,13,63449785
Gachibowli,3755,2,3,1,5.29,3.95,27,40985133
Secunderabad,1852,5,6,0,6.23,1.83,12,14622854
Nallagandla,4066,2,3,1,1.52,6.38,9,27797659
Secunderabad,4032,1,1,3,4.79,11.4,24,17163833
Banjara Hills,1907,1,2,0,2.98,6.54,16,23042367
Manikonda,2179,4,5,2,4.55,6.62,19,17847164
Begumpet,1568,5,5,0,5.19,2.93,4,13908546
Kukatpally,1608,3,3,3,1.36,11.84,23,14495706
Manikonda,725,2,1,1,7.79,7.09,23,4233123
Nallagandla,4523,5,5,1,5.92,2.2,20,19521670
Madhapur,2399,5,5,0,7.71,3.29,0,23192811
Ameerpet,3074,2,2,1,2.1,10.02,14,23966059
LB Nagar,1586,1,1,3,5.48,2.82,15,14910230
Banjara Hills,1927,5,4,1,2.92,2.16,5,19931890
Ameerpet,3832,1,1,3,6.07,1.36,8,20490781
LB Nagar,3773,4,4,2,6.5,9.22,8,18326422
Manikonda,4312,1,1,2,5.12,7.44,14,20169778
Uppal,3475,5,4,0,2.05,4.67,11,26740824
Miyapur,3615,2,2,1,4.1,6.65,7,25023602
Kukatpally,2547,5,4,1,1.05,2.04,15,20355910
Jubilee Hills,3971,4,5,2,6.17,9.81,17,62316978
Begumpet,620,3,4,3,5.25,10.81,24,5463038
Kukatpally,4746,4,3,0,2.94,1.49,28,23926681
Manikonda,972,4,4,2,7.45,6.53,7,5152655
Begumpet,2281,2,1,0,3.43,1.73,10,12415212
Nallagandla,3779,2,3,0,1.64,3.75,16,17183321
Manikonda,635,4,4,2,6.56,4.67,12,7179705
Nallagandla,1900,4,3,1,1.85,7.45,25,18040188
Gachibowli,3231,1,1,2,6.29,3.52,18,40460460
Uppal,3873,1,1,2,5.07,5.59,17,32572594
Jubilee Hills,2184,3,3,0,1.89,1.42,15,26331170
Hitech City,3066,4,5,3,5.18,3.31,12,49019332
Gachibowli,1369,3,4,0,5.47,5.48,28,20625548
Madhapur,3951,4,4,2,4.91,4.25,6,36487374
Nallagandla,672,1,2,1,2.97,1.11,16,5192883
Jubilee Hills,3164,4,5,3,4.41,10.6,17,55011311
Nallagandla,3028,2,3,1,5.42,11.93,1,20287344
Ameerpet,4474,2,3,1,2.8,7.09,25,33043934
Begumpet,2934,1,2,3,3.39,5.25,22,19419325
Banjara Hills,2531,4,5,3,3.18,1.7,18,38961352
Miyapur,963,1,1,1,4.26,7.6,17,7425779
Gachibowli,1612,4,4,3,5.73,0.72,0,25635221
Miyapur,2201,1,1,1,7.51,6.78,10,18442897
Nallagandla,2325,2,2,2,1.46,9.5,14,19544356
Uppal,843,2,3,0,1.11,9.86,2,5910050
Madhapur,4673,3,4,3,6.59,4.07,2,39860659
Madhapur,4961,1,1,0,3.94,3.97,13,24663112
Secunderabad,837,5,6,2,3.31,2.01,20,6453700
Hitech City,3564,2,1,2,7.71,6.73,27,61782061
Ameerpet,4203,2,1,3,6.84,0.3,10,34838392
Madhapur,3310,3,4,2,4.6,2.54,24,29574851
Begumpet,4450,2,1,2,5.62,11.81,18,34700654
Manikonda,4844,1,1,1,0.99,8.4,27,21225479
Begumpet,2238,1,1,2,1.92,2.33,3,18611059
Kukatpally,3902,2,3,0,7.12,5.56,28,23353215
Kukatpally,2149,5,4,1,7.72,3.21,29,13437170
LB Nagar,3308,2,3,1,1.68,7.54,12,19973392
Hitech City,2985,5,4,3,4.01,1.58,27,41730494
Manikonda,2955,5,5,1,1.37,4.1,27,14544470
Kukatpally,4404,4,3,1,3.26,11.49,16,35979627
Banjara Hills,616,1,1,0,6.51,1.19,0,10070873
Manikonda,4497,4,3,3,5.17,8.01,26,28162391
Ameerpet,678,1,2,3,7.08,1.54,11,4576039
Uppal,3871,1,2,2,5.34,9.68,2,25935857
Kondapur,2268,4,3,3,2.96,3.77,10,20545402
Miyapur,3146,4,5,2,3.41,6.73,21,23790669
Nallagandla,2173,4,3,2,6.3,2.97,8,16027591
Manikonda,3593,3,2,3,5.0,9.36,8,29613073
Begumpet,4814,2,2,0,1.18,5.85,1,31456638
Secunderabad,2316,4,4,2,0.54,1.6,17,15085752
Secunderabad,4297,4,4,3,1.15,2.61,13,27362111
Miyapur,4588,3,3,3,2.67,10.59,11,24105822
Secunderabad,2796,5,5,0,7.83,9.05,13,13695446
Banjara Hills,2359,3,3,1,7.88,11.27,28,28216012
Kondapur,4908,4,5,1,1.87,6.22,23,45455196
LB Nagar,2925,3,2,0,6.0,7.46,21,17499224
LB Nagar,3060,4,5,0,6.14,2.17,9,25058319
Jubilee Hills,1884,3,2,3,0.97,5.0,9,32947090
Hitech City,3120,2,1,3,6.56,7.5,1,34804196
Nallagandla,3147,4,4,1,6.14,0.71,16,16199755
Manikonda,4089,5,4,3,2.75,2.04,22,38862040
Hitech City,1724,2,3,0,5.22,9.43,21,15142517
Madhapur,2428,5,5,3,1.59,0.64,13,25888035
Miyapur,1680,5,4,2,7.02,6.27,2,15260621
Miyapur,3547,2,2,1,4.9,0.57,18,27442762
Madhapur,1263,5,5,1,5.72,9.53,18,6260193
Jubilee Hills,4878,1,2,0,0.89,2.88,26,85233056
Gachibowli,1926,3,2,3,2.54,2.33,5,20476913
Uppal,2610,4,5,2,4.66,7.18,24,12247954
Manikonda,737,2,3,0,5.66,7.15,21,3859481
Miyapur,2500,3,2,2,2.22,5.33,18,21823000
Uppal,2603,1,1,1,7.51,8.56,25,17268274
Miyapur,3578,1,1,3,6.17,2.16,27,28959970
Gachibowli,2219,1,1,1,2.41,0.82,21,30699184
Madhapur,2574,4,4,3,7.8,4.64,9,11458173
Secunderabad,1440,5,6,3,5.03,6.88,20,8057796
LB Nagar,3741,2,3,3,1.2,10.62,20,20526278
Gachibowli,3139,1,1,1,7.84,2.0,22,32464455
Miyapur,2952,3,4,0,7.59,11.62,28,11865196
Madhapur,1494,2,1,2,5.53,6.68,23,5655061
Nallagandla,2690,1,2,1,4.48,7.47,13,21522598
Gachibowli,4188,2,2,3,1.89,1.44,15,53294969
Ameerpet,943,4,5,1,7.83,9.59,16,8950000
Jubilee Hills,2924,4,4,2,6.12,9.12,14,45315211
Madhapur,2349,4,4,2,7.58,6.85,27,20737386
Manikonda,2713,1,1,2,7.29,6.6,19,15556115
Miyapur,2414,1,2,1,0.93,5.46,10,15993793
Banjara Hills,4257,4,3,3,2.36,3.95,8,58832496
LB Nagar,2885,2,2,3,5.63,9.58,6,25214985
Hitech City,3524,3,4,1,1.52,6.23,27,43125858
Miyapur,1212,4,5,0,3.63,7.5,21,12105379
Manikonda,3296,4,5,1,2.69,11.86,12,19897672
Kukatpally,4204,5,5,3,7.98,11.76,26,18194511
Secunderabad,2160,3,2,3,5.81,10.72,29,14137920
Nallagandla,826,5,4,0,6.59,6.63,18,8437813
Nallagandla,3590,4,3,0,2.18,9.89,11,30668827
Uppal,1585,5,5,1,5.81,5.22,1,14527006
Uppal,1698,1,2,3,4.7,8.94,11,9677793
Hitech City,1530,1,1,3,1.03,3.98,23,13081000
Miyapur,2558,1,1,3,0.77,1.2,2,12231970
Begumpet,1936,5,4,1,6.12,10.87,16,16580452
Hitech City,4538,4,3,2,2.23,10.91,26,69539834
Begumpet,2066,3,3,3,3.16,2.95,20,10634343
Kondapur,4218,3,3,2,1.06,5.24,24,18855157
Miyapur,4965,2,2,2,1.19,8.58,13,34045807
Madhapur,2931,4,3,2,5.05,6.84,27,28046886
Madhapur,2131,3,4,3,1.08,8.53,28,14130484
LB Nagar,3112,1,1,3,2.41,9.95,20,16656656
Kondapur,2981,1,2,3,7.04,10.56,28,28018497
Jubilee Hills,3798,5,5,0,2.43,5.32,10,41337146
Kondapur,1260,5,4,2,4.01,8.93,8,10626056
Kondapur,1658,1,1,3,7.66,0.59,22,8150389
Hitech City,4259,1,2,1,1.49,2.3,20,72221303
Ameerpet,4340,3,4,2,1.23,3.04,11,20739601
Secunderabad,793,2,3,2,7.87,3.45,5,4937557
Gachibowli,4957,2,3,3,2.06,5.79,24,58655806
LB Nagar,741,3,2,3,1.81,6.34,5,5043761
LB Nagar,1813,3,2,1,3.81,5.43,29,16962031
LB Nagar,3029,1,1,3,0.88,7.52,23,16349782
Madhapur,4242,1,2,0,5.47,0.82,10,23016274
Gachibowli,4229,5,4,3,3.49,5.11,7,65331872
Kondapur,3939,5,4,0,5.8,11.46,4,34408245
Secunderabad,773,5,6,2,0.52,10.5,17,6656720
Jubilee Hills,1589,1,2,3,3.08,1.72,27,15647678
Begumpet,4408,4,4,2,2.97,11.32,28,36286021
Ameerpet,3097,3,4,0,0.28,7.74,21,30302781
Madhapur,3755,3,2,1,4.33,10.0,29,33369268
Miyapur,4693,4,5,2,3.99,7.05,25,45089264
Miyapur,4744,1,2,3,5.29,10.19,21,23252315
Miyapur,3258,5,6,0,2.59,9.53,27,24170551
Manikonda,2423,3,4,3,4.72,9.18,22,9968691
Hitech City,2641,3,2,1,5.7,8.35,6,32667620
Kukatpally,3580,4,3,3,6.14,11.38,18,25766263
Kondapur,1513,4,5,2,3.21,9.56,10,14501708
Kukatpally,2429,5,5,3,1.9,11.86,0,13330553
Banjara Hills,2500,2,1,1,0.41,6.21,10,34270019
Hitech City,1778,3,4,1,3.28,3.96,28,17258880
Miyapur,4609,5,5,0,3.09,4.69,2,34082667
Ameerpet,1385,4,3,0,0.89,7.4,29,13305415
Nallagandla,2756,4,3,0,3.93,6.53,12,25049754
Madhapur,2990,3,4,1,6.65,8.6,25,12691409
Hitech City,982,4,3,3,6.68,6.67,0,11832972
Begumpet,1903,5,6,0,5.08,6.02,18,14705761
Ameerpet,2751,1,1,2,1.77,4.92,27,12217616
Ameerpet,2811,3,4,3,4.83,7.31,21,16523122
Manikonda,3811,5,5,2,4.48,0.98,23,36301129
Madhapur,1157,2,2,0,7.6,6.3,11,11428738
Gachibowli,2210,1,1,3,3.64,7.39,24,33670401
LB Nagar,4136,3,2,1,3.76,5.49,14,32052535
Manikonda,1502,5,6,3,7.97,1.0,12,10783660
Ameerpet,4535,3,4,1,2.2,0.66,14,26677802
Gachibowli,3367,2,2,0,0.44,10.5,9,50393390
Madhapur,4821,5,5,0,2.37,2.77,24,35180556
Nallagandla,2911,2,1,3,2.5,0.47,0,22413945
Begumpet,2172,1,2,0,0.24,11.26,27,7303590
Ameerpet,856,4,5,1,1.01,4.97,1,8909365
Miyapur,1013,3,4,3,1.07,9.76,12,6244896
Kukatpally,2692,5,6,2,6.98,8.28,16,17712945
Kondapur,2097,5,6,2,2.01,3.59,7,12326139
Hitech City,4565,3,3,0,4.75,10.15,16,67574493
Hitech City,3428,5,6,0,3.45,9.19,16,32332646
Miyapur,2189,4,4,1,3.81,3.05,20,20248366
Ameerpet,2907,5,6,2,5.82,5.0,13,26896650
Kondapur,1864,2,1,1,5.78,7.24,16,12696447
Nallagandla,1417,1,1,0,7.54,1.27,27,11264972
Gachibowli,4832,3,3,3,4.66,10.91,18,54017577
Kukatpally,3271,4,5,0,1.1,0.79,28,30153614
Kondapur,4400,2,3,2,2.18,10.54,4,21837911
Gachibowli,1122,1,2,0,2.52,1.53,18,16205955
Kondapur,1916,2,1,0,4.09,4.81,8,10366470
Banjara Hills,2119,2,2,2,3.08,0.91,8,24105391
Nallagandla,996,4,5,1,1.85,7.99,10,8287555
Begumpet,2605,1,1,2,4.94,3.76,23,11230793
Begumpet,1539,5,5,1,4.72,1.3,10,10401892
Hitech City,2696,2,1,3,0.98,8.35,12,34478329
Banjara Hills,2415,2,2,0,1.17,5.14,24,42079743
Kondapur,2664,4,4,3,0.28,5.73,3,16054789
Secunderabad,2877,1,2,3,2.28,2.87,27,19202140
Secunderabad,4466,5,5,2,3.18,4.6,4,35322243
Begumpet,2124,1,1,2,4.24,4.37,29,19863319
Manikonda,1572,4,5,2,0.38,10.81,0,12166508
LB Nagar,4175,5,5,2,2.56,1.07,8,27171569
Secunderabad,3876,4,5,3,0.65,11.51,8,18480660
Hitech City,2447,4,4,2,7.71,1.18,8,36635571
Kukatpally,3870,2,1,1,6.81,3.99,18,16550996
Miyapur,4031,4,5,2,5.46,3.34,16,30168050
Banjara Hills,2323,1,2,2,5.72,1.03,16,38460432
Miyapur,2895,1,1,1,4.33,3.13,28,25957179
Gachibowli,3100,2,2,1,1.61,5.67,2,44330937
Uppal,1716,4,3,2,5.46,1.9,10,11863521
Secunderabad,2146,4,4,0,1.74,11.43,15,14310513
Manikonda,3093,1,2,0,3.61,7.24,22,13666282
Gachibowli,2601,2,2,3,6.67,8.87,28,26055682
Secunderabad,844,2,2,2,3.26,10.29,29,5518355
Jubilee Hills,4882,4,4,1,6.87,7.36,4,74881930
Gachibowli,4183,4,4,2,5.15,2.9,27,58792038
Gachibowli,4238,3,3,0,2.12,5.01,11,45901352
Uppal,4705,4,3,1,3.3,11.06,18,28555976
Hitech City,3252,1,2,3,0.91,0.68,2,41590602
Manikonda,4274,2,2,0,6.34,3.24,19,19823018
Nallagandla,1705,4,3,1,7.24,10.57,19,13068389
Ameerpet,4386,1,1,0,0.48,2.35,1,25145100
Manikonda,3380,4,3,3,3.61,7.09,2,23913061
Kukatpally,4554,3,2,3,3.55,10.87,25,38559994
Gachibowli,2779,2,3,1,1.8,7.22,8,26758991
Manikonda,3571,1,2,3,2.5,10.59,0,19107477
Madhapur,3954,5,5,0,6.21,7.96,2,18158102
Ameerpet,3080,5,6,0,0.49,1.8,29,27419556
Kukatpally,4432,4,4,1,0.63,11.69,6,43598508
Madhapur,3988,4,5,3,0.21,8.83,27,36230521
Uppal,4682,4,5,0,6.82,5.24,17,35934999
Madhapur,1735,3,4,1,1.18,4.24,14,13712764
LB Nagar,3151,5,5,0,1.37,4.75,22,19283907
Ameerpet,3873,3,3,2,4.24,3.45,9,27131889
Miyapur,3432,4,5,0,1.21,6.85,16,34661192
Kondapur,3210,4,3,0,3.7,2.16,14,24308062
Madhapur,3672,2,3,0,6.92,3.51,26,16743064
Nallagandla,2720,5,5,1,5.39,2.14,16,12969575
Uppal,2503,5,6,3,4.07,4.75,14,19115876
Miyapur,1751,4,4,0,0.4,10.12,7,14774036
Uppal,2424,2,1,2,2.03,8.55,18,20925984
Uppal,1592,1,2,0,4.14,8.71,5,7233896
Gachibowli,2455,3,4,3,1.97,10.59,24,31251043
Uppal,1051,4,5,1,7.0,8.17,4,10619815
Madhapur,3877,3,3,3,7.86,7.65,19,33428446
Kondapur,712,4,4,0,2.59,4.43,16,5249784
LB Nagar,1116,1,1,0,0.73,9.47,29,3202211
Uppal,4160,3,3,0,0.76,2.7,6,19247112
Uppal,4365,3,3,0,0.99,3.55,17,30008269
Manikonda,2015,2,2,0,7.82,1.51,25,18682267
Jubilee Hills,1941,1,1,1,5.7,5.25,26,27700271
Nallagandla,4254,3,4,1,4.23,8.96,1,41765445
Banjara Hills,3233,2,3,2,0.8,1.18,5,50086621
Miyapur,3200,4,5,3,0.92,6.77,20,22915817
LB Nagar,2342,3,3,0,5.71,7.44,8,22398083
Secunderabad,3155,2,1,3,7.58,1.54,9,28403978
Jubilee Hills,3594,5,6,3,4.78,8.5,24,55339331
Miyapur,3528,5,6,0,4.43,11.29,9,27307608
Banjara Hills,2693,2,2,3,5.39,6.13,26,29359194
Kondapur,4090,4,5,0,7.33,5.38,14,36020766
Kukatpally,3026,1,2,1,7.97,2.98,10,18673100
LB Nagar,2817,2,1,3,5.3,9.87,14,26594438
LB Nagar,3384,1,1,0,0.8,10.96,10,13338001
Banjara Hills,3610,2,1,2,4.84,4.65,22,36987219
Hitech City,3286,3,4,2,4.45,2.64,9,33595754
Jubilee Hills,1614,3,3,3,0.73,4.64,8,27419328
Nallagandla,894,1,1,1,6.91,0.71,26,5175738
Begumpet,4241,3,4,3,6.7,6.14,17,41009726
Nallagandla,1958,4,4,1,4.1,9.49,25,17675927
Madhapur,4951,5,6,1,0.42,2.76,0,25707508
Gachibowli,3581,2,1,0,7.41,1.61,28,33706588
Hitech City,3361,4,3,1,7.08,9.83,19,32967529
Uppal,4764,1,2,3,4.52,3.28,28,34924353
Uppal,4527,1,1,2,1.89,9.77,4,24967866
Madhapur,1800,2,2,2,2.01,4.03,28,6459613
Madhapur,2756,3,4,1,4.27,9.6,22,17367167
Manikonda,3542,1,1,2,5.45,2.4,13,30074831
Miyapur,3918,5,5,0,5.91,6.32,21,34858298
Manikonda,1320,3,3,2,2.08,4.44,27,5666051
Banjara Hills,2336,2,3,1,1.5,3.15,18,29251807
Kukatpally,3010,5,4,2,6.08,10.5,2,28083754
Nallagandla,2548,2,2,2,4.46,7.03,28,19283966
Jubilee Hills,804,1,1,3,7.48,5.44,23,11561782
Nallagandla,1948,2,1,2,1.79,6.24,20,7437252
Madhapur,4245,1,2,0,5.45,5.07,28,31937302
Nallagandla,3063,2,1,1,5.84,6.57,0,13926257
Miyapur,3072,3,4,1,6.37,5.58,18,13948972
Jubilee Hills,4834,5,5,1,5.25,0.48,15,85082669
Banjara Hills,4319,4,5,0,6.0,10.22,19,59158437
Kukatpally,3204,4,3,2,0.53,5.52,2,33089389
Hitech City,4735,3,4,1,3.12,4.62,10,72497435
Ameerpet,3906,2,2,3,3.98,0.36,27,21247158
Manikonda,4175,1,1,1,4.47,6.4,29,27760301
Secunderabad,3985,4,3,2,5.44,7.56,28,26474560
Banjara Hills,3763,1,2,3,3.25,2.16,15,38022848
Uppal,2412,2,2,0,4.42,9.17,11,13514740
Begumpet,3940,3,3,3,1.78,3.97,7,20668917
LB Nagar,2229,4,4,3,6.02,6.83,25,14699178
Manikonda,970,2,3,1,7.68,5.34,29,6480242
Gachibowli,4934,3,3,2,5.16,4.1,12,74469693
LB Nagar,4588,2,2,0,5.31,9.94,9,32075208
Ameerpet,1574,4,5,2,1.66,1.33,4,8663470
Manikonda,1368,5,6,1,0.46,10.59,2,15083448
Banjara Hills,3475,2,2,0,7.2,10.69,7,58908966
Nallagandla,4799,5,5,1,6.79,3.21,21,43832763
LB Nagar,3335,3,4,0,6.04,9.74,9,18061362
Madhapur,4326,5,4,0,7.7,10.73,20,36617069
Nallagandla,3450,2,1,3,2.61,1.85,10,26188454
Kukatpally,3796,2,3,0,0.74,7.77,18,25125685
Banjara Hills,1172,3,2,3,4.64,10.46,10,17398125
Madhapur,3187,5,6,2,3.86,5.48,17,32994135
Nallagandla,2817,4,4,0,4.13,11.41,28,19127835
Madhapur,1698,5,4,2,5.59,8.46,8,16760111
Secunderabad,1517,3,2,3,6.52,5.14,7,13183374
Manikonda,4425,1,1,1,1.52,0.52,15,35023846
Kukatpally,806,4,4,3,7.7,6.57,23,3067119
Banjara Hills,4708,5,5,0,6.7,7.82,21,81230343
Banjara Hills,4482,4,3,3,2.0,11.01,19,69897263
Uppal,1541,3,4,3,6.93,10.67,15,9535278
Miyapur,3927,1,2,2,0.43,10.8,14,27964414
Secunderabad,1830,5,5,1,2.82,1.08,22,17558360
Jubilee Hills,3735,2,2,0,0.86,4.81,17,37369785
Miyapur,3217,2,3,3,0.63,11.33,19,27978314
LB Nagar,3755,3,2,1,1.49,1.64,11,23168783
LB Nagar,709,5,5,3,1.21,3.3,16,4433919
Ameerpet,4731,5,5,1,7.21,9.39,5,31476153
Banjara Hills,4566,2,3,2,5.71,7.52,29,46248945
Manikonda,3799,3,3,2,0.84,5.68,9,34410830
Hitech City,2753,5,5,0,1.69,4.36,17,39989174
Banjara Hills,2753,5,4,3,7.14,4.65,26,44895513
Nallagandla,1444,1,2,3,3.97,10.11,6,5982031
Nallagandla,3559,4,5,0,4.21,10.87,12,18037704
Ameerpet,1852,3,2,0,4.2,10.47,21,12195115
Gachibowli,2174,1,1,3,2.38,1.84,23,36965686
Madhapur,2357,3,4,0,3.37,10.87,28,14561325
LB Nagar,2653,3,3,2,7.17,4.25,26,26483458
Kondapur,4508,4,3,2,1.92,2.85,25,44325022
Ameerpet,4077,4,3,0,6.99,9.57,19,25955595
Banjara Hills,936,4,3,0,2.94,1.4,25,13593969
Gachibowli,4804,3,3,2,7.29,5.78,16,83159160
Gachibowli,2324,2,2,1,4.2,8.54,12,36029317
Jubilee Hills,2356,2,1,2,0.44,2.69,22,37292091
Begumpet,742,1,1,3,4.11,0.89,19,6341920
Kukatpally,3296,1,2,2,3.7,3.08,14,18236708
LB Nagar,3551,3,3,3,3.16,9.68,29,16500264
Banjara Hills,3262,3,4,0,1.84,6.81,20,42090371
Kukatpally,4078,2,2,0,6.05,5.34,7,21148276
Secunderabad,4922,3,4,3,0.43,11.55,7,29517946
Hitech City,2642,1,1,2,1.7,3.76,5,44219263
Manikonda,4397,2,1,2,2.85,5.63,25,31397179
Secunderabad,3776,4,5,3,7.92,3.95,2,38414947
Kondapur,2561,2,1,2,7.88,11.29,17,19162100
Manikonda,1522,1,2,3,5.74,3.49,22,10060988
Gachibowli,1873,2,1,1,5.25,3.49,18,31199873
Madhapur,1628,3,3,2,0.63,0.38,11,14582656
Madhapur,2998,2,3,3,2.65,8.39,0,16600382
Nallagandla,2201,3,3,0,3.55,10.02,21,20353021
Secunderabad,2644,1,1,0,4.04,3.81,19,11848457
Nallagandla,1583,1,1,0,2.97,0.83,11,7856960
Kukatpally,2587,3,3,0,6.6,6.93,22,10676395
Manikonda,4223,2,2,0,7.55,1.27,10,36911203
Gachibowli,2652,2,1,0,3.82,1.69,12,34519792
Ameerpet,1184,3,3,0,5.66,7.52,10,7302003
Jubilee Hills,4606,2,1,2,6.04,6.87,28,81725295
Uppal,3104,2,1,3,2.91,0.89,19,17538616
Manikonda,877,5,6,0,2.17,7.06,21,5269101
Kukatpally,1832,3,2,3,3.03,9.73,16,10759321
Kondapur,1256,1,1,0,6.76,2.89,14,4153960
Kukatpally,4180,3,2,0,2.35,2.69,27,33695009
Gachibowli,1006,1,1,1,7.51,3.95,5,17617776
Banjara Hills,2011,1,1,1,6.79,2.92,11,32342632
Jubilee Hills,1603,3,2,2,2.97,6.74,25,16903528
Nallagandla,4840,3,3,0,3.66,9.08,5,25474845
Nallagandla,2556,4,5,3,6.65,0.79,12,15147851
Begumpet,2884,2,3,2,2.0,6.18,10,18088792
Ameerpet,4158,5,5,3,0.59,5.74,6,22698150
Gachibowli,3984,3,3,1,2.66,0.8,20,37567955
Nallagandla,4281,3,3,0,5.33,0.39,23,24064261
Jubilee Hills,3141,4,3,2,4.1,5.38,14,33287188
Miyapur,1207,1,1,1,4.67,4.1,26,8861120
LB Nagar,3777,3,4,0,5.63,4.09,16,18630386
Miyapur,3063,3,3,0,3.32,9.46,10,15121638
LB Nagar,2723,1,1,0,2.58,2.62,9,13803106
Madhapur,3846,5,6,3,4.46,5.18,27,23588834
Jubilee Hills,3015,1,1,1,5.85,8.38,29,46167270
Begumpet,1957,3,3,1,2.02,0.58,20,17723746
Manikonda,4392,2,1,1,7.43,2.8,15,18414966
Nallagandla,2153,3,2,2,4.75,0.43,11,18684136
Ameerpet,838,2,1,3,7.8,6.67,26,4517686
Kondapur,2502,4,3,1,1.47,2.89,16,21805605
Uppal,3628,5,5,3,1.71,0.89,14,31670064
Secunderabad,1525,2,3,0,6.99,9.18,28,11049668
Kukatpally,4923,4,5,0,4.66,9.72,26,20728383
Nallagandla,1787,2,2,3,5.5,0.96,3,7923294
Nallagandla,2681,5,6,1,7.81,4.33,19,22415225
Miyapur,1531,1,2,2,3.41,3.11,14,11228602
Ameerpet,747,1,1,1,0.55,7.98,10,5352497
Kukatpally,2459,5,5,0,7.94,2.13,6,23029935
Begumpet,1089,3,2,0,6.96,3.69,20,3834580
Begumpet,4882,4,4,1,5.03,8.08,15,19866735
Kukatpally,844,3,2,2,4.54,9.42,25,5663817
Nallagandla,1507,1,1,2,7.94,3.74,27,13349717
Kondapur,1731,3,3,2,7.84,8.18,12,7103147
Gachibowli,3137,3,2,1,4.9,8.29,27,34228052
Kukatpally,4467,1,1,1,5.6,3.03,12,21464057
Secunderabad,1997,2,3,0,5.27,2.78,24,17040228
Nallagandla,3010,3,2,3,2.86,5.9,1,29690182
Jubilee Hills,2481,1,1,3,6.49,10.15,6,32042364
Begumpet,4079,3,3,2,6.48,4.96,14,27784343
Nallagandla,2772,5,5,1,0.9,7.33,13,24965887
Kondapur,2961,4,4,3,6.84,11.9,21,19521013
Begumpet,3376,1,1,3,4.99,7.1,22,14685688
LB Nagar,4818,3,2,3,2.74,1.79,6,29401685
Ameerpet,3043,1,1,2,4.54,4.31,14,29234037
Secunderabad,1280,4,4,0,1.01,5.0,7,8657658
Begumpet,4738,1,1,2,2.72,6.79,13,28589196
Miyapur,1535,5,6,3,4.61,6.32,5,9763686
Banjara Hills,4461,2,1,0,3.23,3.11,22,79389323
Kukatpally,4678,3,2,1,7.01,11.95,13,27881636
Begumpet,4566,2,1,2,2.68,6.02,19,36264350
Secunderabad,3594,1,2,3,1.2,7.07,11,20291175
Madhapur,3744,4,5,1,7.96,1.38,10,18378228
Kondapur,4112,4,5,0,6.41,3.02,7,25363787
Ameerpet,1457,3,3,2,4.77,6.63,19,12148249
Gachibowli,4662,3,3,1,6.6,0.79,10,58007399
Ameerpet,3549,4,4,0,4.99,10.81,7,30232781
Hitech City,4557,3,4,0,7.97,8.5,5,78341264
Miyapur,2252,5,5,0,2.66,0.97,24,11075425
Miyapur,4237,1,1,3,3.29,9.15,13,40930119
Ameerpet,4019,1,2,0,1.14,7.14,14,16923121
Nallagandla,1520,5,6,0,4.15,2.19,29,13782032
Hitech City,3610,4,3,0,1.1,10.63,18,33843350
Jubilee Hills,843,2,2,3,6.55,11.3,21,7655573
Banjara Hills,2064,5,5,1,6.97,3.78,11,21893669
Ameerpet,2139,1,2,1,0.66,6.76,29,17659404
Begumpet,4986,5,6,3,4.41,1.23,26,49038939
Ameerpet,1107,5,6,2,6.99,4.65,4,12665614
Miyapur,4999,2,3,0,6.66,1.24,10,46449290
Miyapur,1292,5,4,2,7.03,11.66,12,11382339
Gachibowli,2335,3,2,1,4.73,11.25,24,25461393
LB Nagar,2147,3,4,0,7.02,0.45,28,10905257
Miyapur,3788,2,3,0,1.11,1.79,6,22085593
Kondapur,2371,5,5,0,6.72,2.6,10,21978707
Jubilee Hills,3867,1,1,0,0.73,2.85,5,46557174
Banjara Hills,3856,5,6,2,7.67,6.63,27,67197739
Ameerpet,4874,1,1,1,1.64,1.0,22,46805454
Madhapur,1079,3,3,2,5.4,1.24,28,6238180
Begumpet,2995,5,6,2,0.6,4.95,12,22696468
Banjara Hills,1503,2,3,3,0.26,0.6,7,26796777
Jubilee Hills,3866,1,1,0,1.09,11.04,6,51269070
LB Nagar,2413,1,1,3,0.56,11.37,13,23547958
Manikonda,4040,1,1,3,7.88,9.62,13,37533821
Kondapur,1019,1,2,2,5.59,8.83,24,8539288
LB Nagar,1764,3,3,3,0.8,0.35,24,11352459
Ameerpet,4806,1,1,3,1.58,1.45,2,33688007
Manikonda,4103,5,4,0,0.96,2.39,14,29111748
Jubilee Hills,4641,5,5,2,7.39,1.15,17,51474298
Gachibowli,4730,5,5,1,7.7,8.84,23,65055670
Madhapur,3534,3,3,3,5.9,5.21,26,18469086
Nallagandla,3538,4,3,1,0.67,8.4,1,15188498
Banjara Hills,1791,5,5,2,4.63,0.99,27,25362857
Kukatpally,4229,4,5,2,4.66,5.38,20,32284088
Uppal,1226,3,4,2,4.79,11.28,17,12211534
Banjara Hills,3896,5,4,2,4.52,6.97,17,47887870
Gachibowli,1281,2,3,1,2.78,9.01,24,21408294
Madhapur,4991,5,4,0,1.24,3.36,20,29102485
Uppal,627,1,1,0,2.69,5.16,10,3581648
Kondapur,3197,5,6,1,1.02,1.8,20,18442850
Jubilee Hills,4335,3,3,3,4.49,5.07,12,43929803
Secunderabad,2648,4,3,0,4.06,1.72,1,23621687
Begumpet,2361,5,6,2,3.55,9.07,18,17016008
Jubilee Hills,4586,1,1,3,1.75,3.19,1,81137516
Kondapur,644,5,5,1,5.0,1.25,6,5145297
Uppal,2640,4,4,3,0.31,4.52,14,13324914
Manikonda,1791,1,1,0,2.49,3.41,14,15529010
Madhapur,3932,4,5,1,7.11,9.85,3,36038224
Kondapur,3860,1,2,3,2.69,0.97,29,19674090
Nallagandla,3132,5,5,0,1.83,5.17,4,30129119
Uppal,4687,1,2,1,5.51,11.2,6,26370668
Miyapur,1774,5,5,1,6.3,9.26,24,8458197
Banjara Hills,1387,4,5,0,1.62,11.59,25,12986798
Gachibowli,4046,3,3,2,3.53,7.85,4,57331889
Secunderabad,2450,4,5,1,1.75,9.47,23,18381891
Kondapur,3686,1,2,2,6.8,2.44,5,36316472
Gachibowli,2952,1,2,1,1.05,3.21,27,45252953
Manikonda,1896,5,4,2,6.89,9.25,24,16517967
Nallagandla,1513,5,5,0,0.62,8.13,10,12120956
Begumpet,4153,4,5,2,6.92,1.91,25,20334503
Manikonda,1807,3,4,3,2.46,9.46,6,11212212
LB Nagar,3316,4,5,2,5.18,3.89,6,22244174
Secunderabad,1063,4,5,0,6.6,8.22,0,6109869
Secunderabad,2812,1,2,2,3.92,9.58,15,11195146
Secunderabad,1210,4,4,2,5.7,11.09,16,8122913
LB Nagar,4299,2,2,1,7.11,0.85,5,37123078
Miyapur,2894,3,3,2,6.94,1.85,7,13203962
Jubilee Hills,2551,4,3,0,7.81,4.62,11,42247684
Kondapur,3149,5,6,2,1.15,5.17,13,27750173
Madhapur,4239,5,4,0,6.32,2.59,15,29461394
LB Nagar,1538,1,1,2,6.07,6.3,1,7233451
Nallagandla,3240,1,1,0,7.38,4.34,8,22955463
Jubilee Hills,2336,5,5,0,1.02,6.78,21,40046261
Uppal,3321,5,5,2,0.73,8.77,0,31403150
Jubilee Hills,1112,4,3,1,0.77,9.01,0,12121782
LB Nagar,4923,4,4,1,2.02,0.93,9,43448336
Ameerpet,4111,2,2,0,5.96,8.33,28,16536107
Madhapur,1518,3,3,1,4.37,0.74,6,6923419
Secunderabad,4177,1,1,0,6.89,1.44,20,26410882
Nallagandla,3168,3,4,3,7.64,1.73,5,23608167
Banjara Hills,4605,1,1,0,1.27,6.59,6,79440711
Manikonda,4368,4,5,1,3.14,10.55,19,26817296
Banjara Hills,2122,1,1,1,6.75,4.27,17,26474229
LB Nagar,4968,1,2,1,7.34,8.7,22,25667194
Kondapur,3785,5,4,3,6.94,1.69,0,17892254
Jubilee Hills,2151,4,5,0,3.97,2.78,27,20498362
Kondapur,4560,3,4,2,1.75,3.62,14,23010799
Secunderabad,926,3,3,1,1.72,5.53,11,6105887
Banjara Hills,3520,4,3,1,1.12,5.0,18,60263013
Manikonda,3768,2,1,2,2.24,11.64,0,17156980
Kukatpally,1166,3,2,0,1.3,9.23,0,10508700
Miyapur,1405,5,5,2,5.1,2.55,1,15220140
Kondapur,3328,3,3,3,5.63,11.11,8,26033101
LB Nagar,1803,2,3,1,4.85,9.83,29,12048977
Kondapur,4678,2,3,3,7.48,7.16,14,39967352
LB Nagar,883,1,1,2,6.45,2.41,3,5510770
Secunderabad,4272,4,4,3,5.58,4.0,9,29439436
Nallagandla,2823,3,2,1,1.78,6.68,13,24831528
Kukatpally,2876,1,1,3,3.97,1.74,8,19501976
Uppal,4812,2,2,3,5.77,3.11,17,42318412
Uppal,751,2,1,0,1.72,2.24,4,4034117
Banjara Hills,2152,1,1,0,1.1,0.34,26,30550143
Kondapur,3876,3,4,3,1.97,9.0,19,33905461
Manikonda,753,4,3,1,6.67,2.53,0,6096723
Ameerpet,4968,4,3,3,6.53,4.3,10,44001453
Gachibowli,4026,4,3,1,5.06,8.98,15,41524461
Banjara Hills,1752,1,1,1,0.69,4.83,7,21168654
Banjara Hills,3805,4,5,0,1.91,1.62,13,62965069
Miyapur,3792,5,6,2,7.74,8.67,10,21895169
Kondapur,3957,1,1,3,4.38,7.53,29,25613292
Begumpet,2929,5,5,1,7.82,3.14,22,28495100
Uppal,1899,3,3,2,4.04,8.5,3,8055734
Uppal,4010,2,1,1,0.73,10.8,21,27929649
LB Nagar,4875,3,3,1,2.74,2.54,15,29032442
Jubilee Hills,1415,3,2,2,2.34,9.98,4,14143270
Hitech City,3964,1,2,2,1.73,2.78,20,39942156
Hitech City,3938,2,1,2,2.59,3.4,9,49726037
Hitech City,2766,2,1,1,5.86,1.72,29,26423652
LB Nagar,1470,4,4,0,5.72,8.63,24,10553911
Miyapur,2844,3,3,3,6.15,7.22,7,25521502
Manikonda,3938,1,2,3,4.02,6.49,10,25722230
Hitech City,1339,2,1,3,2.21,9.36,9,17878153
Begumpet,1351,2,1,1,4.55,4.36,6,9219248
Nallagandla,4830,1,1,1,5.95,0.73,11,39334441
Begumpet,2069,2,2,0,5.06,1.04,18,19306336
Secunderabad,4524,1,1,2,3.97,5.32,23,30150568
Kukatpally,1355,4,4,2,2.19,9.99,9,14132924
LB Nagar,624,3,4,1,3.34,5.27,22,5233010
Madhapur,3223,1,1,1,2.25,5.23,1,14737327
Banjara Hills,3269,5,5,3,2.0,5.03,16,31219191
Manikonda,3857,2,1,2,2.42,6.35,9,26774807
LB Nagar,1553,3,3,3,2.68,11.12,20,13604303
LB Nagar,4752,5,5,1,0.7,4.01,2,33451446
Uppal,1873,4,4,2,6.0,6.53,4,13952644
Jubilee Hills,4977,2,3,3,6.02,9.68,14,60147040
Madhapur,4001,4,3,0,1.22,3.92,9,19875581
Ameerpet,2398,4,5,2,5.08,2.11,5,16958831
Begumpet,4721,5,4,2,2.74,5.78,12,24322938
Miyapur,2110,5,6,2,1.79,9.3,3,20359229
LB Nagar,855,1,1,3,3.34,7.72,27,5331371
Banjara Hills,796,2,2,1,6.06,11.31,15,13369981
Miyapur,1665,4,3,0,1.88,7.64,4,8973057
Begumpet,4257,3,2,2,5.96,1.05,18,35111083
Miyapur,3169,4,4,3,7.36,0.85,3,27206293
Kukatpally,4281,4,3,2,5.19,10.25,10,34428407
Gachibowli,3734,1,2,1,6.1,4.91,8,60984809
Gachibowli,3699,2,1,1,3.9,2.27,25,61948027
Miyapur,850,3,4,1,7.1,2.08,16,8748903
Hitech City,1518,4,3,2,3.4,6.2,1,21956489
Uppal,846,3,4,1,6.88,5.76,25,5349498
Ameerpet,4038,5,6,2,3.76,5.86,11,31454380
Begumpet,3664,2,3,3,0.74,6.73,23,28981290
Madhapur,4526,5,6,2,7.78,6.3,14,32819858
Hitech City,1002,5,5,1,1.21,3.78,19,18578884
Kondapur,4432,4,3,3,3.13,9.9,22,39651491
Nallagandla,4737,1,1,2,7.15,5.69,5,25251426
LB Nagar,3338,5,4,3,7.7,7.74,29,27255528
Uppal,1768,5,5,0,1.67,5.15,7,18219122
Miyapur,2794,4,4,0,1.07,7.43,29,21283668
Secunderabad,4475,2,2,2,7.12,10.76,25,26772674
Secunderabad,691,4,4,1,7.15,3.37,20,6947065
Kondapur,4714,1,1,0,0.63,7.07,8,21468872
Hitech City,1776,5,5,0,2.22,4.0,12,24060415
Kondapur,972,5,4,2,6.39,7.62,18,4427622
Miyapur,3789,2,2,2,4.39,0.47,14,16272602
Kukatpally,2152,5,6,1,2.44,6.6,16,21884227
LB Nagar,4059,1,1,1,4.09,7.36,8,24669583
Secunderabad,2287,5,5,1,7.92,7.45,16,21151182
Gachibowli,4386,3,4,0,7.19,0.64,8,44275229
Nallagandla,2644,3,3,2,2.87,9.78,0,18053276
Begumpet,2145,3,4,3,5.26,6.28,17,13166532
Ameerpet,1278,1,1,1,6.97,7.12,29,10787920
Begumpet,2025,4,4,2,3.28,10.44,13,11569680
Nallagandla,3194,2,1,1,2.91,10.78,19,27853994
Madhapur,4083,4,4,2,1.55,3.42,15,18766945
Begumpet,3325,4,5,3,1.28,9.04,11,33307552
Kondapur,3457,4,5,1,6.28,6.41,11,21738455
Miyapur,2974,1,2,2,4.94,1.34,22,13672215
Kukatpally,4157,5,5,2,1.85,10.15,13,35653098
Begumpet,4028,2,3,2,1.24,11.45,2,18375007
Secunderabad,3764,1,2,0,4.45,1.77,6,36406435
Manikonda,924,2,1,2,4.17,1.93,5,6833323
Hitech City,1554,3,4,3,2.08,1.1,21,19259649
Gachibowli,3967,5,5,1,0.3,7.84,3,58374194
Manikonda,2472,1,1,0,6.27,2.94,27,18828454
Miyapur,3121,3,4,2,2.49,5.52,23,30103827
Nallagandla,4286,5,4,0,5.37,7.43,23,38975622
Ameerpet,4557,5,6,2,2.23,6.36,29,31875414
Madhapur,2529,2,2,2,0.6,3.02,6,21201653
Hitech City,1693,1,2,3,5.29,0.92,15,26706233
Kukatpally,2174,1,1,2,1.48,3.86,13,10489395
Begumpet,3289,4,3,2,5.22,10.06,4,14056547
Hitech City,4461,2,3,0,0.47,7.78,20,74035391
LB Nagar,1431,2,3,1,3.57,11.99,22,7607702
Manikonda,762,2,2,1,5.4,3.43,4,5941443
Manikonda,3390,5,4,2,2.66,7.57,25,20885380
Uppal,2182,5,6,1,3.22,9.91,20,9938775
Jubilee Hills,950,3,2,3,2.35,7.78,18,15351795
Begumpet,4724,4,5,0,7.99,1.18,0,30210898
Nallagandla,1725,2,3,3,6.61,7.86,0,8294972
Hitech City,3962,4,5,0,7.31,5.44,2,40742265
Uppal,4905,4,3,3,6.64,10.34,1,26107600
Ameerpet,4884,2,2,3,3.3,11.2,14,34392084
Secunderabad,986,2,1,1,6.57,9.07,25,4830335
Nallagandla,2207,5,5,2,5.31,0.77,4,10905673
Manikonda,1124,3,2,1,5.43,9.91,25,8245454
Kondapur,3845,1,2,3,2.1,6.74,5,16714053
Ameerpet,2582,5,5,1,3.62,4.31,15,20972594
Nallagandla,2017,5,5,3,6.98,2.52,4,20378499
Manikonda,4415,5,5,3,1.05,2.67,20,28893328
Hitech City,3920,3,2,1,3.64,3.35,27,38026136
Nallagandla,4060,2,3,1,2.95,1.78,13,28426432
Kukatpally,3570,1,2,1,4.2,4.32,28,13915913
Secunderabad,1236,2,2,0,6.3,8.53,22,4983195
Ameerpet,1404,4,5,3,2.43,7.79,16,12831008
Hitech City,4149,1,2,2,5.76,2.36,21,60554523
Hitech City,3492,1,2,1,6.12,6.16,15,37694198
Banjara Hills,2600,3,3,2,1.42,8.3,10,44670242
Begumpet,2203,3,2,2,1.49,0.33,1,12470522
Miyapur,3649,2,3,2,2.17,11.01,6,22049049
Ameerpet,2808,5,6,1,7.27,2.27,3,24624105
LB Nagar,1275,4,3,0,3.86,1.13,29,7570677
Banjara Hills,2352,2,3,0,1.04,5.25,23,21733168
Begumpet,2715,4,3,1,2.96,7.97,21,16626227
Begumpet,3031,4,5,2,2.28,0.76,20,27847951
Manikonda,700,2,2,1,7.84,11.83,6,3862262
Hitech City,2603,2,3,0,6.29,10.95,15,36616876
LB Nagar,1140,4,5,0,6.14,11.25,9,8999428
Miyapur,961,1,1,0,3.9,10.55,29,3185628
Banjara Hills,3109,1,2,1,5.81,0.63,28,44392440
Hitech City,3902,3,3,2,3.36,7.27,5,62224169
Madhapur,3632,1,1,0,2.27,8.06,27,16758800
Secunderabad,2524,5,6,0,7.72,2.22,29,22088077
Banjara Hills,2761,4,3,2,1.79,3.35,8,42112410
Miyapur,4757,3,3,3,3.45,2.25,11,32413712
Banjara Hills,1070,1,1,0,1.32,8.0,11,14883162
Jubilee Hills,2245,5,5,1,5.73,8.86,10,28819786
Jubilee Hills,3742,3,2,2,3.9,9.85,20,52656908
Nallagandla,2835,2,1,1,6.55,8.66,10,15885215
Manikonda,3305,5,5,3,7.01,3.07,17,16233984
Madhapur,3028,4,4,3,7.08,11.52,18,25022690
Kukatpally,4567,3,4,2,0.36,7.16,29,27115498
Kukatpally,3060,4,3,0,3.65,8.87,14,14099466
Miyapur,4318,2,1,1,5.1,10.01,25,34513954
Kondapur,4083,1,2,2,0.61,8.5,20,18869172
Secunderabad,3815,5,6,0,3.95,5.98,5,31269795
Kukatpally,3205,2,2,1,5.81,7.16,7,29199964
Secunderabad,2382,5,5,1,6.69,5.72,25,19272939
Miyapur,1722,3,4,3,3.13,1.46,12,16015316
Madhapur,2017,5,6,2,0.6,5.78,24,19349749
Kondapur,1809,2,3,1,3.18,0.63,26,12247999
Kondapur,1303,1,2,2,3.55,3.89,11,10651462
Jubilee Hills,720,4,3,0,5.45,7.49,17,10073836
Manikonda,3968,2,1,0,3.37,2.88,21,16839174
Hitech City,2126,2,2,0,2.06,3.59,27,22819118
Kondapur,2465,1,2,1,2.3,11.98,18,13097381
Gachibowli,1957,1,1,0,5.06,3.91,8,32483618
Miyapur,2028,3,3,2,3.37,9.33,3,11546768
Ameerpet,1640,3,3,3,1.88,9.82,1,12331565
Kondapur,3373,5,4,0,7.63,0.88,16,31793784
Kondapur,4598,1,2,1,3.32,11.8,27,17418446
Nallagandla,2000,2,1,2,7.47,8.09,20,10256139
Begumpet,1540,5,4,3,4.09,1.14,17,9448165
Uppal,2256,2,2,0,1.37,7.88,18,19310184
Secunderabad,4579,1,1,2,5.22,9.22,1,23490620
Gachibowli,3034,4,3,3,4.11,5.62,21,46921081
Ameerpet,2569,4,4,3,3.46,10.28,6,25738733
Nallagandla,1327,4,3,3,5.82,1.48,12,9802263
Begumpet,1609,4,3,2,2.34,4.04,9,15387297
Uppal,4841,4,4,0,1.19,5.3,25,46773166
Kondapur,1032,1,1,0,7.5,6.31,16,5066617
Hitech City,3435,3,2,2,2.86,9.72,29,54197510
Gachibowli,1696,1,1,1,4.67,3.09,2,28625468
Jubilee Hills,3193,4,3,3,7.83,9.35,10,31744865
Banjara Hills,1044,5,5,2,1.84,8.37,2,12809277
Begumpet,3450,1,1,1,2.76,3.55,8,27383564
Kondapur,3051,1,1,0,5.73,0.55,2,18799278
Ameerpet,4798,1,2,0,7.57,11.03,14,30467544
Nallagandla,1744,2,2,2,2.95,8.76,23,14919008
Ameerpet,3265,1,1,3,2.03,1.75,23,22602826
Kondapur,4530,1,2,3,0.47,1.79,4,26973978
Manikonda,3155,3,3,1,4.32,2.66,27,21505464
Secunderabad,2582,3,4,0,6.34,6.26,22,10591776
Secunderabad,1538,5,4,2,7.07,2.58,11,12490801
Manikonda,4966,4,4,1,1.07,10.24,18,44655835
Begumpet,2127,2,3,3,7.03,9.46,22,9102200
Uppal,2337,3,2,2,1.56,8.17,2,23713534
Nallagandla,674,1,1,1,5.84,1.89,21,4986103
Miyapur,971,4,4,2,3.1,3.28,13,6991421
Hitech City,4796,5,5,1,0.61,7.62,16,79333005
Miyapur,2141,3,2,1,2.69,7.24,16,20438949
Banjara Hills,2869,4,4,3,2.08,0.48,5,43108944
Kondapur,3497,5,5,1,8.0,0.33,21,17532280
Hitech City,920,2,1,2,0.77,8.53,22,15079169
Gachibowli,2763,5,5,3,3.97,3.99,27,32160916
Kondapur,1217,5,4,3,2.1,11.2,0,12747481
Jubilee Hills,4981,2,1,0,6.43,8.57,27,73230043
LB Nagar,3123,5,5,1,7.89,9.43,15,16155567
LB Nagar,1820,3,4,2,3.15,10.16,15,8971642
Begumpet,3422,5,6,1,1.92,8.83,8,33462256
Kondapur,809,1,1,1,0.28,1.37,24,5323232
Secunderabad,934,3,3,2,3.23,0.74,27,3607902
Kukatpally,4678,1,1,2,6.84,2.13,8,44165876
Ameerpet,4493,3,4,3,7.22,11.31,1,40034794
Hitech City,824,2,2,3,5.29,3.29,27,8747102
Nallagandla,1859,5,6,3,6.15,8.65,0,10317830
Kukatpally,2423,5,4,1,4.38,1.3,8,15813148
Uppal,2377,5,5,3,5.65,3.74,29,17536096
Manikonda,1925,3,4,2,5.12,2.21,7,13611217
Gachibowli,1842,4,4,3,4.89,10.23,0,24830369
Nallagandla,2955,5,4,0,7.48,8.77,20,16531995
Kondapur,3425,3,2,0,4.46,4.51,13,18999732
Uppal,1568,1,1,2,5.52,10.5,16,12105792
Uppal,2069,4,5,0,2.1,9.01,7,17179490
LB Nagar,1397,4,5,0,5.44,7.73,22,12083862
Gachibowli,4318,5,6,3,4.85,8.6,26,76455708
Madhapur,4926,2,2,3,3.69,11.47,1,24907692
LB Nagar,944,4,3,1,3.86,5.63,27,5375134
Kondapur,2278,1,1,3,5.0,2.55,15,10272584
Kukatpally,1614,5,4,2,7.59,0.93,21,9376828
Ameerpet,1267,3,2,2,2.12,5.68,5,12736271
Hitech City,4757,5,6,0,6.7,5.29,7,49282253
Kukatpally,2984,2,2,1,6.82,5.49,27,27696368
Gachibowli,3282,5,5,3,7.69,8.03,23,56538123
Banjara Hills,2173,5,4,0,6.04,2.74,27,27011045
Kondapur,2558,2,1,2,6.14,6.21,25,10255936
Jubilee Hills,4811,3,3,1,4.78,1.5,4,84179778
Miyapur,4528,2,2,2,7.54,10.62,11,24772053
Hitech City,2539,5,6,0,7.64,10.53,21,40980400
Jubilee Hills,3863,3,4,1,4.84,6.61,10,42340150
Jubilee Hills,4470,3,3,3,6.76,11.96,16,54086971
Begumpet,4229,1,1,2,2.0,8.32,16,21012982
Nallagandla,3523,1,2,1,4.0,8.52,12,24867899
Kondapur,4501,3,2,3,5.87,2.87,10,22561875
Banjara Hills,1286,2,1,0,1.11,6.48,20,17285680
Begumpet,3241,5,6,3,0.28,2.58,7,31593812
Ameerpet,3330,1,1,3,0.71,8.56,22,22673636
Kondapur,4347,5,4,3,3.1,0.6,9,41931188
Banjara Hills,2974,1,2,1,6.76,0.72,2,40581623
Ameerpet,2363,4,3,0,6.87,8.29,6,20302100
Madhapur,2019,2,3,2,4.17,3.02,12,10823732
Hitech City,3984,3,3,2,5.09,5.82,28,66028408
Gachibowli,4264,5,6,2,3.05,10.15,1,54709834
Secunderabad,4637,5,5,2,7.42,10.46,10,36364534
Manikonda,958,2,3,3,1.67,9.72,4,5377111
Gachibowli,3102,1,1,0,4.56,6.18,17,26878604
Jubilee Hills,1080,1,1,0,4.77,0.4,17,18026089
Miyapur,1398,3,2,2,0.21,3.61,25,12564376
LB Nagar,1197,5,4,1,4.7,2.11,3,7213489
Madhapur,4686,1,1,2,4.49,5.59,23,18813090
Begumpet,748,4,3,3,7.42,6.19,18,3608129
LB Nagar,3873,2,2,1,2.85,8.71,4,34232861
Gachibowli,2007,3,4,2,6.86,9.06,15,27466903
Begumpet,2659,4,3,2,4.74,6.54,24,15629272
Gachibowli,4898,1,1,1,1.11,1.81,5,65649585
Miyapur,3202,3,3,0,2.13,0.73,5,15492279
Miyapur,4271,1,1,2,4.11,8.79,15,28721671
Ameerpet,1729,1,1,3,2.43,1.13,11,12639202
Gachibowli,1150,3,4,0,7.45,11.39,23,16252882
Uppal,2775,5,4,1,3.71,9.15,2,26169924
Kukatpally,4893,3,4,2,3.4,10.81,9,47159907
Miyapur,2185,2,3,2,6.95,4.05,23,9441032
Kukatpally,1666,2,3,1,0.71,8.83,0,14355657
Hitech City,3114,2,1,3,6.41,3.88,3,30306241
LB Nagar,3753,1,1,1,2.9,9.75,4,28323493
